NOMBRE ESTABLECIMIENTO DE SANIDAD MILITAR,SIGLA,NIVEL DE ATENCIÓN,DIRECCIÓN,UBICACIÓN ,CIUDAD,DEPARTAMENTO,TELÉFONO,TELÉFONO CENTRAL DE CITAS ,HORARIO DE ATENCIÓN
ESTABLECIMIENTO DE SANIDAD MILITAR BATALLON DE INFANTERIA MECANIZADA No. 06 CARTAGENA,ESM BICAR,NIVEL I,TRONCAL CARIBE KM 6 VÍA MAICAO,"(11.512409, -72.865006)",RIOHACHA,GUAJIRA,6053854052,6053854052,Lunes a Viernes 07:00 a 17:00 horas
"ESTABLECIMIENTO DE SANIDAD MILITAR BATALLON DE INFANTERIA NO. 24 ""GENERAL LUIS CARLOS CAMACHO LEYVA""",ESM BICAM 24,ENFERMERIA,CALLE 8 A - CALAMAR,"(1.9594263, -72.6487083)",CALAMAR,GUAVIARE,320 2597833,Presencial,Lunes a Viernes de 08:00 a 12:00 y 14:00 a 18:00 horas
ESTABLECIMIENTO DE SANIDAD MILITAR FUERTE MILITAR LA MACARENA. PUESTO MANDO ADELANTADO.,ESM FUDRA,ENFERMERIA,FUERTE MILITAR LARANDIA,"(2.182929, -73.786118)",MACARENA,META,6698447 Ext. 2100 - 2105,Presencial,Lunes a Viernes de 07:00 a 12:00 y 14:00 a 17:00 horas
"ESTABLECIMIENTO DE SANIDAD MILITAR ESCUELA MILITAR DE SUBOFICIALES ""SARGENTO INOCENCIO CHINCA""",ESM EMSUB,ENFERMERIA,FUERTE MILITAR DE TOLEMAIDA NILO,"(4.250189, -74.638006)",NILO,CUNDINAMARCA,3124475461,Presencial,Lunes a Viernes de 07:00 a 16:00 horas
ESTABLECIMIENTO DE SANIDAD MILITAR ESCUELA DE SOLDADOS PROFESIONALES,ESM ESPRO,ENFERMERIA,KM 2 VÍA PUEBLO NUEVO,"(4.307946, -74.613229)",NILO,CUNDINAMARCA,3204240594,Presencial,Lunes a Viernes de 07:00 a 12:00 horas
CONSULTORIO DE GIRARDOT,ESM DISMEG,ENFERMERIA,CALLE 17 # 10 - 70 BARRIO CENTRO,"(4.297763, -74.802465)",GIRARDOT,CUNDINAMARCA,3217808484,Presencial,Lunes a Viernes de 07:00 a 16:00 horas
ESTABLECIMIENTO DE SANIDAD MILITAR BATALLÓN DE A.S.P.C. NO. 29 GR. ENRIQUE ARBOLEDA CORTÉS,ESM BASER 29,NIVEL I,AVENIDA LOS CUARTELES N° 80-00,"(3.8918678, -76.2893184)",POPAYÁN,CAUCA,3506780957,3204508526,Lunes a Viernes de 07:00 a 17:00 horas
ESTABLECIMIENTO DE SANIDAD MILITAR BATALLÓN DE ARTILLERÍA No. 9 BATALLA DE PALACÉ,ESM BAPAL,UBAM,"CALLE 3 ESTE CON CARRERA 6 ESTE, KM 1 VIA A LA HABANA","(3.524578, -76.281264)",GUALADAJARA DE BUGA,VALLE DEL CAUCA,2373240/2368194,2373240-3217052659,Lunes a Viernes de 07:00 a 17:00 horas
ESTABLECIMIENTO DE SANIDAD MILITAR BATALLÓN DE INFANTERIA No.41 GR. RAFAEL REYES,ESM BIREY,ENFERMERIA,KM 1 VÍA LA INDIA,"(6.301274, -73.955446)",CIMITARRA,SANTANDER,3183206369,Presencial,Consulta Externa 07:00 a 17:00 horas
ESTABLECIMIENTO DE SANIDAD MILITAR SATÉLITE LICEOS,ESM LICEOS,ENFERMERIA,CALLE 100 No. 11-00,"(4.683514, -74.044181)",BOGOTÁ D.C.,BOGOTÁ D.C.,,Presencial,Lunes a Viernes de 07:00 a 17:00 horas
"ESTABLECIMIENTO DE SANIDAD MILITAR BATALLON DE A.S.P.C NO. 28 "" BOCHICA""",ESM BASER 28,UBAM,KM 1 VIA A VILLAVICENCIO - BARRIO EL MATEO,"(6.17998, -67.507203)",PUERTO CARREÑO,VICHADA,3133973723,Presencial,Lunes a Viernes de 07:00 a 17:00 horas
"ESTABLECIMIENTO DE SANIDAD MILITAR BATALLÓN DE INGENIEROS No. 12  ""GENERAL LIBORIO MEJIA""",ESM BIMEJ,ENFERMERIA,KM 7 VÍA VENECIA,"(1.568597, -75.52906)",VENECIA,CAQUETÁ,4350224,Presencial,lunes a viernes 07:00-16:00 horas
ESTABLECIMIENTO DE SANIDAD MILITAR BATALLÓN DE INFANTERÍA No. 21 PANTANO DE VARGAS,ESM BIVAR,UBAM,CANORA 35 No 25-57 SAN BENITO,"(3.533395, -73.701489)",GRANADA,META,3202587773,322 4408323,lunes a Viernes de 7:00 a 12:00 y 14:00 a17:00 horas
ESTABLECIMIENTO DE SANIDAD MILITAR ESCUELA DE FUERZAS ESPECIALES RURALES,ESM ESFES,NIVEL I,VEREDA BARRANCON,"(2.58067, -72.589566)",SAN JOSÉ DEL GUAVIARE,GUAVIARE,320 2597833,Presencial,lunes a viernes de 08:00 a 12:00 14:00 a 17:00 horas
ESTABLECIMIENTO DE SANIDAD MILITAR BATALLÓN DE INFANTERÍA No. 26 CACIQUE PIGOANZA,ESM BIPIG,UBAM,Km 7 VIA MIRAFLORES,"(2.219278, -75.584789)",GARZÓN,HUILA,8335526,8680080,lunes a viernes 07:00-18:00 horas
"ESTABLECIMIENTO DE SANIDAD MILITAR BATALLÓN DE A.S.P.C NO. 17 "" CLARA ELISA NARVAEZ ARTEAGA",ESM BASER 17,UBAM,KM 1 VIA AL MAR,"(7.7766, -76.654487)",CAREPA,ANTIOQUIA,,Presencial,Lunes a viernes 07:00-19:00 horas
"ESTABLECIMIENTO DE SANIDAD MILITAR GRUPO DE CABALLERÍA N° 10 ""TEQUENDAMA""",,ENFERMERIA,Cra. 7 CALLE 106 - 10,"(4.684644, -74.034558)",BOGOTÁ D.C.,BOGOTÁ D.C.,,Presencial,lunes a Viernes de 7:00 a 17:00
"ESTABLECIMIENTO DE SANIDAD MILITAR BATALLON DE A.S.P.C No. 13 ""CACIQUE TISQUESUZA"" DISPENSARIO NORTE",ESM DISNORT,NIVEL I,Calle 106  # 7-35,"(4.684542, -74.037646)",BOGOTÁ D.C.,BOGOTÁ D.C.,6012137518,7944222,Prioritaria 24 horas Consulta externa de 7:00 a 19:00 horas
"DISPENSARIO MÉDICO SUROCCIDENTE ""HÉROES DE SUMAPAZ""",DMSOC,NIVEL II,CR 86 n 53 B 80 SUR,"(4.626692, -74.176049)",BOGOTÁ D.C.,BOGOTÁ D.C.,6012137518,7944222,Prioritaria 24 horas Consulta externa de 7:00 a 19:00 horas
ESTABLECIMIENTO DE SANIDAD MILITAR BATALLÓN DE INFANTERÍA No. 43 EFRAIN ROJAS ACEVEDO,ESM BIROJ,ENFERMERIA,CUMARIBO,"(4.454254, -69.804093)",CUMARIBO,VICHADA,3123472926,Presencial,lunes a viernes 7:00 A 17:00 horas
"ESTABLECIMIENTO DE SANIDAD MILITAR BATALLON DE A.S.P.C NO. 22 "" TENIENTE CORONEL BENEDICTO TRIANA""",ESM BASER 22,NIVEL I,KILOMETRO 1 VÍA EL RETORNO - CANTÓN SURORIENTE,"(2.580101, -72.589613)",SAN JOSÉ DEL GUAVIARE,SAN JOSÉ DEL GUAVIARE,320 2597833,Presencial,lunes a viernes de 06:00 a-12:00 y 14:00 a 17:00 horas
"ESTABLECIMIENTO DE SANIDAD MILITAR BATALLÓN DE A.S.P.C NO.  23  "" GENERAL RAMON OSPINA""",ESM BASER 23,UBAM,AVENIDA COLOMBIA CALLE 22 NUM. 14-57,"(1.205852, -77.272003)",PASTO,NARIÑO,7731823-7738095,7200719,Lunes a viernes de 07:00-18:00 horas
"ESTABLECIMIENTO DE SANIDAD MILITAR BATALLÓN DE ALTA MONTAÑA No. 3 ""RODRIGO LLOREDA CAICEDO""",ESM BAMRO-3,ENFERMERIA,VEREDA EL DIAMANTE,"(3.282131, -76.635566)",PARAMO FARALLONES,VALLE DEL CAUCA,,Presencial,lunes a viernes de 07:00-16:00 horas
"ESTABLECIMIENTO DE SANIDAD MILITAR BATALLÓN DE SELVA  NO. 52 ""CORONEL JOSÉ DOLORES  SOLANO""",ESM BASDO 52,ENFERMERIA,CARURÚ,"(1.012658, -71.29622)",CARURU,VAUPÉS,,Presencial,lunes a viernes 7:00 A 17:00 horas
"ESTABLECIMIENTO DE SANIDAD MILITAR BATALLÓN DE A.S.P.C NO 6 ""FRANCISCO ANTONIO ZEA""",ESM BASER 6,NIVEL I,KM 3 VÍA ARMENIA,"(4.425454, -75.247708)",IBAGUÉ,TOLIMA,6082795199,6082760131,Lunes a viernes de 06:00 a 19:00 horas
"ESTABLECIMIENTO DE SANIDAD MILITAR BATALLÓN DE TRANSPORTES ""BATALLA DE TARAPACÁ"" DISPENSARIO CANTÓN SUR",ESM DISUR,NIVEL I,KM 3 VIA USME,"(4.548534, -74.12137)",BOGOTÁ D.C.,BOGOTÁ D.C.,7708981,7944222,Prioritaria 24 horas Consulta externa de 6:00 a 19:00 horas
DISPENSARIO MÉDICO DE CALI,DMCAL,NIVEL II,CALLE 5  NUM. 83-00 CANTÓN MILITAR PICHINCHA,"(3.451424, -76.55257)",CALI,VALLE DEL CAUCA,3240706,3690831,Lunes a Viernes 07:00-18:00 horas
ESTABLECIMIENTO DE SANIDAD MILITAR GRUPO DE CABALLERÍA MECANIZADA No. 4 JUAN DEL CORRAL,ESM GMJCO,UBAM,VEREDA LA PLAYA  KM32 AUTOPISTA MEDELLIN BOGOTA,"(6.211518, -75.392415)",RIONEGRO,ANTIOQUIA,,Presencial,lunes a viernes 07:00 a17:00 horas
ESTABLECIMIENTO DE SANIDAD MILITAR COMANDO EJÉRCITO,ESM COEJC,ENFERMERIA,CRA 54 NO 26-25 CAN,"(4.644445, -74.095993)",BOGOTÁ D.C.,BOGOTÁ D.C.,4261486 EXT 34702,Presencial,Lunes a Viernes de 7:00 a 17:00 horas
ESTABLECIMIENTO DE SANIDAD MILITAR GRUPO DE CABALLERÍA MECANIZADA No.03 JOSE MARIA CABAL,ESM GMCAB,UBAM,CALLE 6 No 17 - 51,"(0.827635, -77.642876)",IPIALES,NARIÑO,3104127427,3186408396,Lunes a viernes de 07:00-17:00 horas
"ESTABLECIMIENTO DE SANIDAD MILITAR  BATALLÓN DE ARTILLERÍA N° 4 ""CR. JORGE EDUARDO SANCHEZ RODRIGUEZ""",ESM BAJES,ENFERMERIA,CALLE 45 Nº 18-85 BUENOS AIRES,"(6.233334, -75.547284)",MEDELLÍN,ANTIOQUIA,2212292,3226945190,Lunes a viernes de 07:00-17:00 horas
ESTABLECIMIENTO DE SANIDAD MILITAR BATALLÓN DE INFANTERÍA No. 15 FRANCISCO DE PAULA SANTANDER,ESM BISAN,UBAM,KM 3 VIA A CUCUTA,"(8.220179, -73.325058)",OCAÑA,NORTE DE SANTANDER,5623150,3002529826,lunes a viernes de 7:00 a 12:00 y 14:00 a 17:00 horas
ESTABLECIMIENTO DE SANIDAD MILITAR BATALLÓN DE INGENIEROS No. 4 PEDRO NEL OSPINA,ESM BIOSP,UBAM,AVENIDA 30 DIAGONAL 59 - 315 BARRIO NIQUIA,"(6.34419, -75.537338)",BELLO,ANTIOQUIA,094 4531899,Presencial,Lunes a viernes 07:00 a 18:00 y Sábados de 08:00 a12:00 horas
"ESTABLECIMIENTO DE SANIDAD MILITAR BATALLÓN ESPECIAL ENERGÉTICO VIAL NO 8 "" MAYOR MARIO SERPA CUESTA""",ESM BAEEV-8,ENFERMERIA,KM 5 VIA LA CRUZADA,"(7.050593, -74.698621)",SEGOVIA,ANTIOQUIA,,Presencial,lunes a viernes de 07:00 a 17:00 horas
ASOCIACIÓN COLOMBIANA DE OFICIALES RETIRADOS,ESM ACORE,ENFERMERIA,CALLE 70 No. 4-24,"(4.651387, -74.054302)",BOGOTÁ D.C.,BOGOTÁ D.C.,3450511-3450511,Presencial,lunes a viernes 07:00-16:00 horas
ESTABLECIMIENTO DE SANIDAD MILITAR BATALLÓN A.S.P.C. No. 30 GUASIMANES,ESM BASER 30,NIVEL I,AV 1 VIA AL PORTICO CANTON SAN JORGE,"(7.864115, -72.507476)",CÚCUTA,NORTE DE SANTANDER,5715332,5880180,lunes a viernes de 7:00 a 19:00 horas
"ESTABLECIMIENTO DE SANIDAD MILITAR BATALLÓN DE A.S.P.C. No.8 ""CACIQUE CALARCA""",ESM BASER 8,NIVEL I,AVENIDA CENTENARIO 25N-00,"(4.558628, -75.648498)",ARMENIA,QUÍNDIO,7358765 – 7358674,7320200,lunes a viernes de 07:00 a 19:00 horas
ESTABLECIMIENTO DE SANIDAD MILITAR SATÉLITE LOS LIBERTADORES,ESM LIBERTADOR,ENFERMERIA,CALLE 138 No. 54D - 00,"(4.726073, -74.057657)",BOGOTÁ D.C.,BOGOTÁ D.C.,,Presencial,lunes a Viernes de 7:00 a 17:00
"ESTABLECIMIENTO DE SANIDAD MILITAR BATALLÓN ESPECIAL ENERGÉTICO Y VÍAL NO. 5 ""GR. JUAN JOSÉ REYES PATRIA""",ESM BAEEV-5,ENFERMERIA,"BARRIO ALTO MINEROS, EL BAGRE","(7.486275, -74.867011)",EL BAGRE,ANTIOQUIA,94 8373853,Presencial,lunes a viernes de 7:00 a-17:00 horas
"ESTABLECIMIENTO DE SANIDAD MILITAR BATALLÓN ESPECIAL ENERGÉTICO Y VIAL NO. 13 ""INDEPENDENCIA DE CUNDINAMARCA",,ENFERMERIA,CR 6 18 24- BARRIO EL PUERTO,"(4.744352, -73.531826)",BOGOTÁ D.C.,BOGOTÁ D.C.,,Presencial,lunes a Viernes de 7:00 a 17:00
ESTABLECIMIENTO DE SANIDAD MILITAR BATALLÓN DE INFANTERÍA No. 25 ROBERTO DOMINGO RICO DIAZ,ESM BIROR 25,UBAM,KM 45 VÍA MOCOA,"(1.030694, -76.616919)",VILLAGARZÓN,PUTUMAYO,,3107643099,lunes a viernes de 07:00-17:00 horas
"ESTABLECIMIENTO DE SANIDAD MILITAR BATALLÓN DE A.S.P.C NO 01 ""CACIQUE TUNDAMA""",ESM BASER 1,UBAM,KM 1 VIA TOCA,"(5.532755, -73.35429)",TUNJA,BOYACÁ,7460450,7460450,lunes a viernes 07:00-19:00 horas Sábados de 08:00-12:00 horas
ESTABLECIMIENTO DE SANIDAD MILITAR BATALLÓN DE ARTILLERIA No. 1 TARQUI,ESM BATAR,UBAM,KILOMETRO 4 VIA IZA,"(5.6753, -72.958193)",SOGAMOSO,BOYACÁ,7449806// 615(016),Presencial,lunes a viernes de 08:00 a 18:00 horas Sábados de 08:00-12:00 horas odontología general
"ESTABLECIMIENTO DE SANIDAD MILITAR BATALLÓN DE INSTRUCCIÓN Y ENTRENAMIENTO NO. 16 ""JOSÉ MARTÍN PARIS ÁLVAREZ""",ESM BITER 16,NIVEL I,VIA CUPIAGUA,"(5.307934, -72.439547)",AGUAZUL,CASANARE,3115045573,Presencial,lunes a Viernes 7:00 a17:00 horas
"ESTABLECIMIENTO DE SANIDAD MILITAR BATALLÓN DE INFANTERÍA DE SELVA No. 49 ""SOLDADO JUAN BAUTISTA SOLARTE""",ESM BISOL 49,UBAM,LA TAGUA,"(-0.19298, -74.783365)",PUERTO LEGUIZAMO,PUTUMAYO,,Presencial,lunes a viernes de 07:00-17:00 horas
"ESTABLECIMIENTO DE SANIDAD MILITAR CENTRO DE INSTRUCCIÓN, ENTRENAMIENTO Y REENTRENAMIENTO NO 13 ""ANTONIO MORALES GALVIS""",ESM BITER 13,ENFERMERIA,VEREDA EL DESTINO KM8 VIA SAN JUAN DE SUMAPAZ,"(4.48563, -74.066386)",BOGOTÁ D.C.,BOGOTÁ D.C.,,Presencial,lunes a Viernes de 7:00 a 17:00
"ESTABLECIMIENTO DE SANIDAD MILITAR BATALLÓN DE ALTA MONTAÑA No- 2 ""GENERAL SANTOS GUTIERREZ PRIETO""",ESM BAMGU - 2,ENFERMERIA,VIA A LA TRINIDAD BONZA,"(6.483342, -72.495911)",EL ESPINO,BOYACÁ,(098)7880443,Presencial,lunes a viernes de 07:00 a 16:00 horas
"ESTABLECIMIENTO DE SANIDAD MILITAR BATALLÓN DE INGENIEROS N° 8 ""FRANCISCO JAVIER CISNEROS""",ESM BICIS,ENFERMERIA,FINCA SAN CARLOS,"(4.494729, -75.810007)",PUEBLO TAPAO,QUÍNDIO,,7320200,Lunes a viernes 07:00 a 17:00 horas
"ESTABLECIMIENTO DE SANIDAD MILITAR BATALLÓN DE INFANTERÍA No. 13 ""GENERAL CUSTODIO GARCÍA ROVIRA""",ESM BIROV,UBAM,AV SANTANDER CALLE 5 # 4 - 19,"(7.366536, -72.654525)",PAMPLONA,NORTE DE SANTANDER,5681468,6910741,lunes a viernes 07:00 a 19:00 Horas
"ESTABLECIMIENTO DE SANIDAD MILITAR ""BATALLÓN DE INGENIEROS No. 2  CORONEL VERGARA Y VELASCO""",ESM BIVER,NIVEL I,KM 7 VIA MALAMBO,"(10.881738, -74.766519)",MALAMBO,ATLÁNTICO,6053854052,3160070,Consulta externa: lunes a viernes de 7:00 a 17:00 Consulta externa Atención prioritaria de 24 hrs.
ESTABLECIMIENTO DE SANIDAD MILITAR BATALLÓN DE COMUNICACIONES MANUEL MURILLO TORO,ESM BACOM,UBAM,CLL.5N°15-00,"(4.819693, -74.346959)",FACATATIVÁ,CUNDINAMARCA,8424306,7944222,lunes a viernes 06:30 a 20:00 horas
"ESTABLECIMIENTO DE SANIDAD MILITAR BATALLÓN DE INFANTERÍA No. 29 ""GR GERMAN OCAMPO HERRERA""",ESM BIGOH No. 29,ENFERMERIA,LA URIBE,"(3.241207, -74.355115)",LA URIBE,META,628248,Presencial,lunes a Viernes de 7:00 a 12:00 y 14:00 a 17:00 horas
ESTABLECIMIENTO DE SANIDAD MILITAR BATALLÓN DE ARTILLERÍA No. 5 ANTONIO GALAN,ESM BAGAL,UBAM,KM 1 VÍA BOGOTÁ,"(6.465756, -73.266423)",SOCORRO,SANTANDER,6910741,6910741,lunes a viernes de 07:00-17:00
"ESTABLECIMIENTO DE SANIDAD MILITAR BATALLÓN DE INFANTERÍA N° 10 ""CR. ATANASIO GIRARDOT",ESM BIGIR,ENFERMERIA,CALLE 66 B NUM 37-84 BARRIO VILLA HERMOSA,"(6.26071, -75.54975)",MEDELLÍN,ANTIOQUIA,2924511,Presencial,Lunes a viernes 07:00-17:00 horas
"ESTABLECIMIENTO DE SANIDAD MILITAR BATALLÓN DE INGENIEROS No. 3"" CORONEL AGUSTIN CODAZZI""",ESM BICOD,UBAM,CALLE 30 VÍA PRADERA,"(3.524578, -76.281264)",PALMIRA,VALLE DEL CAUCA,2731567,Presencial,lunes a Viernes de 7:00 A 21:00 horas
"ESTABLECIMIENTO DE SANIDAD MILITAR BATALLÓN DE ALTA MONTAÑA No. 5 GR. ""URBANO CASTELLANOS CASTILLO""",ESM BAMUR,ENFERMERIA,KILOMETRO 2 VIA TURBO,"(4.249478, -75.670152)",GENOVA,QUÍNDIO,7320200,Presencial,Lunes a viernes de 07:00-16:00 horas
ESTABLECIMIENTO DE SANIDAD MILITAR BATALLÓN DE INFANTERÍA SUMAPAZ,ESM BISUM,UBAM,KM 4 VIA LA PAMPA,"(4.326563, -74.399665)",FUSAGASUGÁ,CUNDINAMARCA,3217808484,3217808484,Lunes a viernes de 7:00 a 18:00 horas
"ESTABLECIMIENTO DE SANIDAD MILITAR ESCUELA MILITAR DE CADETES""GENERAL JOSÉ MARIA CORDOVA""",ESM ESMIC,UBAM,CALLE 80 # 38-00,"(4.678122, -74.070525)",BOGOTÁ D.C.,BOGOTÁ D.C.,Presencial,Presencial,lunes a viernes de 07:00 a 19:00
DISPENSARIO MÉDICO DE BARRANQUILLA,DMBAR,NIVEL I,CALLE 69 # 68-00,"(10.996397, -74.791287)",BARRANQUILLA,BARRANQUILLA,6053854052,3160070,Atención Prioritaria medicina general (24 horas)
"ESTABLECIMIENTO DE SANIDAD MILITAR BATALLÓN DE A.S.P.C NO.11 ""CACIQUE TIRROMÉ""",ESM BASER 11,NIVEL I,KM 3 VÍA JARAQUIEL AVENIDA CIERRA CHIQUITA,"(8.737899, -75.907086)",MONTERIA,CÓRDOBA,3053228930,7840790,lunes a viernes 14:00 -17:00 horas
ESTABLECIMIENTO DE SANIDAD MILITAR BATALLÓN DE INFANTERÍA No. 16 PATRIOTAS,ESM BIPAT,UBAM,CARRERA 2 NO. 2-22 MESETA EL TRIUNFO,"(5.190714, -74.75202)",HONDA,TOLIMA,,2795050,Lunes a viernes de 07:00-18:00 y sábados de 8:00-12:00 horas
ESTABLECIMIENTO DE SANIDAD MILITAR GRUPO CABALLERÍA MECANIZADA No. 2 GR JUAN JOSÉ RONDÓN,ESM GMRON,NIVEL I,CARRETERA NACIONAL VIA FONSECA,"(11.411596, -72.902421)",BUENAVISTA,GUAJIRA,3015566302,Presencial,lunes a viernes de 07:00 a12:00 y 14:00 a 17:00 horas
"ESTABLECIMIENTO DE SANIDAD MILITAR BATALLÓN DE A.S.P.C NO. 14  "" CACIQUE PIPATÓN""",ESM BASER 14,UBAM,CALLE 50 ENTRE CRA 3 Y 4 ANTIGUO HOTEL MAGDALENA,"(6.488126, -74.401418)",PUERTO BERRIO,ANTIOQUIA,3505089880,Presencial,lunes a viernes de 07:00 a19:00 horas
"ESTABLECIMIENTO DE SANIDAD MILITAR BATALLÓN DE SELVA NO. 51 ""GR. JOSÉ MARÍA ORTEGA""",ESM BASMO 51,NIVEL I,CALLE 6A - MIRAFLORES,"(1.336598, -71.951907)",MIRAFLORES,GUAVIARE,3122731280,Presencial,Lunes a viernes de 08:00 am -12:00pm 14:00pm-17:00pm
"ESTABLECIMIENTO DE SANIDAD MILITAR BATALLÓN DE A.S.P.C NO. 27 "" SIMONA DE LA LUZ DUQUE DE ALZATE",ESM BASER 27,UBAM,KM. 3 VÍA PUERTO ASÍS- VILLA GARZÓN,"(1.005503, -76.609857)",MOCOA,PUTUMAYO,,3107643099,lunes a viernes 08:00-17:00 horas
ESTABLECIMIENTO DE SANIDAD MILITAR BATALLÓN DE INFANTERÍA No. 27 MAGDALENA,ESM BIMAG,UBAM,KM 5 VIA MOCOA,"(1.843898, -76.090837)",PITALITO,HUILA,(8) 8364283 3102197323,8680080,lunes a viernes de 07:00-17:00 ySábados de 08:00-12:00 medicina general y odontología general
ESTABLECIMIENTO DE SANIDAD MILITAR ESCUELA SUPERIOR DE GUERRA,ESM ESDEGUE,ENFERMERIA,CARRERA 11  No. 102-50,"(4.683984, -74.04163)",BOGOTÁ D.C.,BOGOTÁ D.C.,,Presencial,lunes a Viernes de 7:00 a 17:00
ESTABLECIMIENTO DE SANIDAD MILITAR ESCUELA LOGÍSTICA,ESM ESLOG,ENFERMERIA,CALLE 11 SUR # 12 - 95,"(4.571681, -74.071416)",BOGOTÁ D.C.,BOGOTÁ D.C.,2805371,Presencial,Lunes a Viernes de 7:00 a 17:00 horas
"ESTABLECIMIENTO DE SANIDAD MILITAR BATALLÓN DE A.S.P.C. NO. 26 ""SS. NÉSTOR OSPINA MELO""",ESM BASER 26,UBAM,CRA 11 CLL 15 BARRIO VICTORIA REGIA,"(-4.203776, -69.945116)",LETICIA,AMAZONAS,5927551,Presencial,lunes a viernes 07:00-17:00 horas
ESTABLECIMIENTO DE SANIDAD MILITAR BATALLÓN DE ARTILLERÍA No. 8 SAN MATEO,ESM BASMA,NIVEL I,AV 30 DE AGOSTO No 50.32 SECTOR MARAYA,"(4.812056, -75.72326)",PEREIRA,RISARALDA,7320200,7320200,Lunes a viernes de 06:00-18:00 horas
"ESTABLECIMIENTO DE SANIDAD MILITAR BATALLÓN DE A.S.P.C. No.18 "" SUBTENIENTE RAFAEL ARAGONA",ESM BASER 18,NIVEL I,KM 1 VIA AEROPUERTO - B/ FLOR DE MI LLANO,"(7.068806, -70.751948)",ARAUCA,ARAUCA,3213125960,6818930,lunes a Viernes 7:00 a17:00 horas
"ESTABLECIMIENTO DE SANIDAD MILITAR BATALLÓN DE SELVA  NO. 30 ""GENERAL ALFREDO VASQUEZ COBO""",ESM BIAVA 30,ENFERMERIA,BARRIO 7 DE AGOSTO AV 1 NO. 11-19,"(1.258173, -70.235504)",MITÚ,VAUPES,,Presencial,lunes a viernes 7:00 A 17:00
"ESTABLECIMIENTO DE SANIDAD MILITAR BATALLÓN DE INSTRUCCIÓN, ENTRENAMIENTO Y REENTRENAMIENTO NO. 11 ""ANTONIO IGNACIO GALLARDO Y GUERRERO"".",ESM BITER 11,NIVEL I,KM 24 VIA URRA,"(8.030302, -76.167667)",TIERRA ALTA,CÓRDOBA,,Presencial,Lunes a Viernes de 7:00 a 17:00 horas
ESTABLECIMIENTO DE SANIDAD MILITAR BATALLÓN DE INFANTERÍA No. 37 GUARDIA PRESIDENCIAL,ESM BIGUP,ENFERMERIA,CARRERA 8 VA NO 6-25 CENTRO GUARDIA PRESIDENCIAL,"(4.594814, -74.079061)",BOGOTÁ D.C.,BOGOTÁ D.C.,,Presencial,lunes a Viernes de 7:00 a 17:00
"ESTABLECIMIENTO DE SANIDAD MILITAR BATALLÓN DE INFANTERÍA AEROTRASPORTADO""RIFLES""",ESM BIRIF,ENFERMERIA,KILOMETRO 7 VIA CAUCASIA - MEDELLIN,"(7.981958, -75.19757)",CAUCASIA,ANTIOQUIA,8308088,3135601079,lunes a viernes de 07:00 a17:00 horas Sábados de 08:00-12:00 horas
ESTABLECIMIENTO DE SANIDAD MILITAR BATALLÓN DE INFANTERÍA No. 2 MARISCAL ANTONIO JOSÉ DE SUCRE,ESM BISUC,UBAM,CARRERA 9 # 6-25,"(5.610665, -73.821565)",CHIQUINQUIRÁ,BOYACÁ,,7460450,Lunes a viernes de 8:00 a 18:00 horas
"ESTABLECIMIENTO DE SANIDAD MILITAR BATALLÓN DE INFANTERÍA N° 32 ""GR. PEDRO JUSTO BERRIO""",ESM BIPEB,ENFERMERIA,CRA 70 No 1-50,"(6.211333, -75.594239)",MEDELLÍN,ANTIOQUIA,3115998985,Presencial,lunes a viernes de 07:00-17:00 horas
"ESTABLECIMIENTO DE SANIDAD MILITAR BATALLÓN DE INFANTERÍA No. 47 "" GENERAL FRANCISCO DE PAULA VÉLEZ""",ESM BIVEL 47,ENFERMERIA,KILOMETRO 2 VIA TURBO,"(8.286564, -76.395732)",SAN PEDRO DE URABÁ,ANTIOQUIA,,Presencial,lunes a viernes de 07:00 a17:00 horas
ESTABLECIMIENTO DE SANIDAD MILITAR BATALLÓN DE INFANTERÍA No. 40 LUCIANO DÂ´EL HUYAR,ESM BILUD,UBAM,VEREDA CANTARRANAS SECTOR MEDIA AGUA,"(6.898282, -73.427086)",SAN VICENTE DE CHUCURÍ,SANTANDER,,Presencial,lunes a viernes de 8:00 a 12:00 y 14:00 a 17:00 horas
ESTABLECIMIENTO DE SANIDAD MILITAR CENTRO DE ALISTAMIENTO PARA EL COMBATE Y SEGURIDAD DE AVIACIÓN,CACSA,ENFERMERIA,CALLE 44B No. 57 A - 76,"(4.308654, -74.800788)",BOGOTÁ D.C.,BOGOTÁ D.C.,,Presencial,lunes a viernes 07:00-16:00 horas
ESTABLECIMIENTO DE SANIDAD MILITAR BATALLÓN DE A.S.P.C. No.9,ESM BASER 9,NIVEL I,CARRERA 10 A NO. 1 D-30,"(2.943553, -75.279956)",NEIVA,HUILA,8752466,8680080,Lunes a viernes 7:00 a 19:00 horas
ESTABLECIMIENTO DE SANIDAD MILITAR BATALLÓN DE APOYOS Y SERVICIOS CONTRA EL NARCOTRÁFICO,ESM BRCNA,ENFERMERIA,KM 3 VIA FLORENCIA - PAUJIL,"(1.467131, -75.47762)",LARANDIA,CAQUETÁ,,8360020,lunes a viernes 7:00 a 17:00 horas
"ESTABLECIMIENTO DE SANIDAD MILITAR BATALLÓN DE A.S.P.C. No.12 "" GENERAL FERNANDO SERRANO""",ESM BASER 12,NIVEL I,CALLE 16 No 16-00,"(1.61528, -75.617415)",FLORENCIA,CAQUETÁ,,8360020,lunes a viernes de 7:00-17:00 horas
ESTABLECIMIENTO DE SANIDAD MILITAR GRUPO DE CABALLERÍA MECANIZADA No. 1 GR. MIGUEL SILVA PLAZAS,ESM GMSIL,UBAM,KILOMETRO 8 VÌA BONZA,"(5.810266, -73.064096)",DUITAMA,BOYACÁ,,7460450,lunes a viernes de 7:00 a16:00 horasSábados de 7:00 a 15:00 horas cada 15 días
"ESTABLECIMIENTO DE SANIDAD MILITAR BATALLÓN DE INFANTERÍA No. 42 ""BATALLA DE BOMBONA",ESM BIBOM,ENFERMERIA,VEREDA GUASIMAL,"(6.51151, -74.50315)",GUASIMAL,ANTIOQUIA,3137805332,Presencial,lunes a viernes de 07:00 a 17:00 horas
ESTABLECIMIENTO DE SANIDAD MILITAR BATALLÓN DE INFANTERÍA No. 22 AYACUCHO,ESM BIAYA,UBAM,CALLE 71 Nº 25-00 BARRIO PALERMO,"(5.048572, -75.484014)",MANIZALES,CALDAS,7320200,7320200,Lunes a viernes de 07:00 a 19:00 horas
ESTABLECIMIENTO DE SANIDAD MILITAR BATALLÓN DE A.S.P.C No. 10 CACIQUE UPAR,ESM BASER 10,NIVEL I,AV LA POPA KM 1 VÍA LA MESA,"(10.46611, -73.276153)",VALLEDUPAR,CESAR,4261410 Ext. 51594,4368980,lunes a viernes 07:00 am -11:00 am
ESTABLECIMIENTO DE SANIDAD MILITAR BATALLÓN DE INFANTERÍA No. 11 CACIQUE NUTIBARA,ESM BINUT,ENFERMERIA,KM 1 VIA MEDELLIN BARRIO LAS COLONIAS,"(5.656812, -75.879)",ANDES,ANTIOQUIA,8417834,3104010336- 3137496117,lunes a viernes de 07:00-17:00 horas
ESTABLECIMIENTO DE SANIDAD MILITAR BATALLÓN DE INFANTERÍA No. 36 CAZADORES,ESM BICAZ,UBAM,VEREDA LA SIBERIA KILOMETRO 7,"(2.171724, -74.784948)",SAN VICENTE CAGUÁN,CAQUETÁ,,Presencial,lunes a viernes de 07:00 a 17:00 horas
"ESTABLECIMIENTO DE SANIDAD BATALLÓN DE INFANTERÍA No. 44  ""RAMÓN NONATO PÉREZ""",ESM BIRNO 44,NIVEL I,KILOMETRO 2 VIA LA CABAÑA,"(5.023386, -72.765346)",TAURAMENA,CASANARE,6247328,6818930,lunes a Viernes 7:00 a17:00 horas
"BATALLÓN DE A.S.P.C. No.16 ""TENIENTE WILLIAM RAMIREZ SILVA""",ESM BASER 16,NIVEL I,KM 7 VIA MARGINAL DE LA SELVA,"(5.350866, -72.404966)",YOPAL,CASANARE,6349890,6818930,lunes a Viernes 7:00 a17:00 horas
BATALLÓN DE INFANTERÍA No. 5 JOSÉ MARÍA CORDOVA,ESM BICOR,NIVEL I,KM 4 VIA EL RODADERO,"(11.231411, -74.217349)",SANTA MARTA,MAGDALENA,,4368600,Atención prioritaria las 24 horas Consulta externa de lunes a viernes de 07:00 a12:00 y 14:00 a 17:00 horas
ESTABLECIMIENTO DE SANIDAD MILITAR BATALLÓN DE INFANTERÍA No. 23 VENCEDORES,ESM BIVEN,UBAM,KM 9 VÍA ANSERMA NUEVO,"(4.759395, -75.947722)",CARTAGO,VALLE DEL CAUCA,7320200,7320200,lunes a viernes 07:00 a 17:00 horas
ESTABLECIMIENTO DE SANIDAD MILITAR BATALLÓN DE INFANTERÍA No. 7 JOSE DOMINGO CAICEDO,ESM BICAI,UBAM,CRA 4 CALLE 15 BARRIO PUEBLO NUEVO,"(3.723751, -75.490098)",CHAPARRAL,TOLIMA,,321 3597639,lunes a viernes de 07:00-17:00 horas
"ESTABLECIMIENTO DE SANIDAD MILITAR BATALLÓN DE INFANTERÍA No.45 ""GENERAL PROSPERO PINZON""",ESM BIPIN 45,NIVEL I,K2.5 VIA VEREDA EL COCO,"(3.897325, -67.908414)",INIRIDA,GUAINIA,3124675619,Presencial,Lunes a viernes de 7:00 a 1700 horas
ESTABLECIMIENTO DE SANIDAD MILITAR DIRECCIÓN DE RECLUTAMIENTO,ESM DIREC,ENFERMERIA,AV CARACAS NO 9-52,"(4.600971, -74.082494)",BOGOTÁ D.C.,BOGOTÁ D.C.,3362211,Presencial,Lunes a Viernes de 7:00 a 17:00 horas
DISPENSARIO MÉDICO DE ORIENTE,DMORI,NIVEL II,KM 7 VIA PTO LOPEZ CANTON MILITAR DE APIAY,"(4.078482, -73.559043)",VILLAVICENCIO,META,3206215209,68158670,urgencias: 24 Horas Consulta externa 07:00 a 12:00 y 14:00-17:00 horas
"ESTABLECIMIENTO DE SANIDAD MILITAR GRUPO DE CABALLERÍA BLINDADO MEDIANO ""GENERAL GUSTAVO MATAMOROS D' COSTA""",ESM GBMAT,NIVEL I,KM 1 VIA CERREJON,"(11.138755, -72.616061)",ALBANIA,GUAJIRA,3355088,Presencial,Lunes a Viernes de 7:00 a 12:00 y 14:00-17:30
DISPENSARIO MÉDICO DE TOLEMAIDA,DMTOL,NIVEL II,KILOMETRO 3 VIA MELGAR-GIRARDOT,"(4.253683, -74.641632)",GIRARDOT,CUNDINAMARCA,3208704732,Presencial,Lunes a viernes 07:00-17:00 horas
"ESTABLECIMIENTO DE SANIDAD MILITAR BATALLÓN DE ARTILLERÍA NO. 27 "" GENERAL LUIS ERNESTO ORDOÑEZ CASTILLO""",ESM BALOC 27,ENFERMERIA,KM 5 VÍA MOCOA - PUERTO ASÍS,"(0.598638, -76.569666)",SANTANA,PUTUMAYO,,Presencial,lunes a viernes de 08:00-18:00 hora
DISPENSARIO MÉDICO DE MEDELLÍN,DMMED,NIVEL II,CARRERA 77C NO. 51-136 BARRIO LOS COLORES,"(6.263473, -75.5928)",MEDELLÍN,ANTIOQUIA,3135633831,2040051,Lunes a viernes de 07:00  a 19:00 horas
"ESTABLECIMIENTO DE SANIDAD MILITAR BATALLÓN DE INGENIEROS No. 14 ""BATALLA DE CALIBIO""",ESM BICAB,ENFERMERIA,VEREDA CANTIMPLORA,"(6.512709, -74.387628)",CANTIMPLORA,SANTANDER,8340120,Presencial,lunes a viernes de 7:00 a 17:00 horas
"ESTABLECIMIENTO DE SANIDAD MILITAR BATALLON  DE INGENIEROS NO.  27  "" GENERAL MANUEL CASTRO BAYONA""",ESM BALOG 27,ENFERMERIA,KM5 VÍA PUERTO ASIS,"(0.500943, -76.498564)",PUERTO ASÍS,PUTUMAYO,,Presencial,Lunes a viernes 07:00-17:00 horas
BATALLÓN DE INGENIEROS No. 18 RAFAEL NAVAS PARDO,ESM BIRAN 18,NIVEL I,CALLE 15 NO 58-300 VEREDA LAS BRISAS,"(6.457122, -71.745596)",ARAUCA / TAME,ARAUCA,3133973723,Presencial,CONSULTA EXTERNA
CENTRO DE REHABILITACIÓN DEL EJÉRCITO,ESM CRH,NIVEL II,CARRERA 46 n 20 C - 79 ENTRADA GUARDIA COPER,"(4.630608, -74.100937)",BOGOTÁ D.C.,BOGOTÁ D.C.,4468019,7944222,Prioritaria 24 horas Consulta externa de 7:00 a 19:00 horas
DISPENSARIO MÉDICO GILBERTO ECHEVERRY MEJÍA,ESM DMGEM,NIVEL II,Cl. 121 #6 -37,"(4.697442, -74.029955)",BOGOTÁ D.C.,BOGOTÁ D.C.,3014230937,7944222,lunes a viernes de 07:00-17:00 horas
"ESTABLECIMIENTO DE SANIDAD MILITAR GRUPO DE CABALLERÍA AEROTRANSPORTADO No. 18 ""GENERAL GABRIEL REBEIZ PIZARRO""",ESM GMRPI 18,NIVEL I,KM 2 VÍA PUERTO NARIÑO,"(6.95672, -71.85058)",SARAVENA,ARAUCA,3222254513,Presencial,Lunes a viernes 7:00 a 17:00 horas
DISPENSARIO MÉDICO DE BUCARAMANGA,DMBUG,NIVEL II,AVENIDA QUEBRADA SECA No 33 A-207,"(7.135551, -73.113821)",BUCARAMANGA,SANTANDER,6970711,6076910741,24 HORAS
"ESTABLECIMIETO DE SANIDAD MILITAR BATALLON DE INSTRUCCIÓN, ENTRENAMIENTO Y REENTRENAMIENTO No 2 ""SINFOROSO MUTIS CONSUEGRA""",ESM BITER2,ENFERMERIA,KM 10 VIA EL CENIZO,"(10.588305, -74.188777)",ARACATACA,MAGDALENA,4368600,Presencial,lunes a viernes de 07:00-17:00 horas
"ESTABLECIMIENTO DE SANIDAD MILITAR BATALLON DE INSTRUCCIÓN, ENTRENAMIENTO Y REENTRENAMIENTO No 10 ""JUAN BAUTISTA PEY DE ANDRADE”",ESM BITER10,ENFERMERIA,VEREDA LA LOMA,"(9.562583, -73.3406666)",LA LOMA,CESAR,,Presencial,lunes a viernes de 07:00-17:00 horas
ESTABLECIMIENTO DE SANIDAD MILITAR BATALLÓN DE SELVA No. 48 “PROCER MANUEL RODRÍGUEZ TORICES”,ESM BASRO,ENFERMERIA,VIA AL AEROPUERTO,"(7.9622418, -74.037252)",SANTA ROSA DEL SUR,BOLÍVAR,,Presencial,lunes a viernes de 07:00-17:00 horas
ESTABLECIMIENTO DE SANIDAD MILITAR BATALLÓN DE INGENIEROS No. 30 “CR. JOSÉ ALBERTO SALAZAR ARANA”,ESM BIJOS,ENFERMERIA,AV 1 SAN RAFAEL VIA EL PORTICO,"(8.639299, -72.715331)",TIBÚ,NORTE DE SANTANDER,,Presencial,lunes a viernes de 07:00-17:00 horas
"ESTABLECIMIENTO DE SANIDAD MILITAR BATALLÓN DE INSTRUCCIÓN, ENTRENAMIENTO Y REENTRENAMIENTO No. 30  “FRUTOS JOAQUÍN GUTIÉRREZ”",ESM BITER 30,ENFERMERIA,VEREDA EL ZULIA,"(7.766951, -72.813075)",SALAZAR DE LAS PALMAS,NORTE DE SANTANDER,,Presencial,lunes a viernes de 07:00-17:00 horas
"ESTABLECIMIENTO DE SANIDAD MILITAR BATALLÓN DE INSTRUCCIÓN, ENTRENAMIENTO Y REENTRENAMIENTO No. 3 “LUIS EDUARDO DE AZUOLA Y ROCHA”",ESM BITER 3,ENFERMERIA,KM 3 VIA CARTAGO BASE TESORITO,"(4.384347, -76.071889)",ZARZAL,VALLE DEL CAUCA,,Presencial,Lunes a viernes 7:00 a 17:00 horas
"ESTABLECIMIENTO DE SANIDAD MILITAR BATALLÓN DE INSTRUCCIÓN, ENTRENAMIENTO Y REENTRENAMIENTO No. 23  “JORGE TADEO LOZANO”",ESM BITER 23,ENFERMERIA,VEREDA CHAPALITO KM 3 VIA PASTO - IPIALES,"(1.187705, -77.28337)",PASTO,NARIÑO,312 2277773,3104513604 - 3145413719,Lunes a viernes 7:00 a 17:00 horas
"ESTABLECIMIENTO DE SANIDAD MILITAR BATALLÓN DE INSTRUCCIÓN, ENTRENAMIENTO Y REENTRENAMIENTO No. 7 “JOSÉ MIGUEL PEY Y ANDRADE”",ESM BITER 7,ENFERMERIA,KM 3 VIA CUBARRAL - VILLAVICENCIO,"(3.78349, -73.847834)",CUBARRAL,META,,Presencial,Lunes a viernes 7:00 a 17:00 horas
"ESTABLECIMIENTO DE SANIDAD MILITAR BATALLÓN DE INSTRUCCIÓN, ENTRENAMIENTO Y REENTRENAMIENTO No. 6 “MANUEL DE BERNARDO ÁLVAREZ DEL CASAL”",ESM BITER 6,ENFERMERIA,VEREDA EL PANTANO FINCA BUENAVISTA,"(4.502194, -74.929332)",PIEDRAS,TOLIMA,,Presencial,Lunes a viernes 7:00 a 17:00 horas
ESTABLECIMIENTO DE SANIDAD MILITAR BATALLÓN ESPECIAL ENERGÉTICO Y VIAL No. 19 “GR. JULIÁN TRUJILLA LARGACHA”,ESM BAEEV 19,ENFERMERIA,KM 3 VIA PTO RICO - DONCELLO VEREDA EL ARENOSO,"(1.912905, -75.160791)",PUERTO RICO,CAQUETÁ,,8360020,Lunes a viernes 7:00 a 17:00 horas
ESTABLECIMIENTO DE SANIDAD MILITAR BATALLÓN DE INFANTERÍA No. 3 “BATALLA DE BÁRBULA”,ESM BIBAR,ENFERMERIA,VEREDA ERMITAÑO,"(6.180144, -74.564283)",PUERTO BOYACÁ,BOYACÁ,,Presencial,Lunes a viernes 7:00 a 17:00 horas
"ESTABLECIMIENTO DE SANIDAD MILITAR BATALLÓN DE ASPC No.15 ""SP. JOSÉ WILLIAN COPETE COPETE”",ESM BASPC 15,ENFERMERIA,VIA ACAPURITA KILOMETRO 4 BARRIO OBAPO,"(5.683281, -76.631502)",QUIBDÓ,CHOCÓ,3135048479,3223007079,Lunes a viernes 7:00 a 17:00 horas
ESTABLECIMIENTO DE SANIDAD MILITAR BATALLÓN DE ARTILLERÍA No. 18 “GR. JOSÉ MARÍA MANTILLA”,ESM BAMAM,ENFERMERIA,VEREDA FELICIANO,"(6.685795, -71.345814)",PUERTO JORDÁN,ARAUCA,,Presencial,Lunes a viernes 7:00 a 17:00 horas
OFICINA MEDICINA LABORAL EJÉRCITO NACIONAL,MELAB,CENTRO ATENCIÓN,"CRA. 46 #20C - 1, PUENTE ARANDA","(4.6307827, -74.1006566)",BOGOTÁ D.C.,BOGOTÁ D.C.,4261489 OPC.2,4261489 OPC.2,Lunes a viernes 7:00 a 17:00 horas
